<?xml version="1.0" encoding="UTF-8"?>
<project-private xmlns="http://www.netbeans.org/ns/project-private/1">
    <editor-bookmarks xmlns="http://www.netbeans.org/ns/editor-bookmarks/2" lastBookmarkId="0"/>
    <open-files xmlns="http://www.netbeans.org/ns/projectui-open-files/2">
        <group>
            <file>file:/D:/Tugas_Galau/WebProject/CodeIgniter/Admin119/application/models/M_user.php</file>
            <file>file:/D:/Tugas_Galau/WebProject/CodeIgniter/Admin119/application/views/headfoot/header.php</file>
            <file>file:/D:/Tugas_Galau/WebProject/CodeIgniter/Admin119/application/config/constants.php</file>
            <file>file:/D:/Tugas_Galau/WebProject/CodeIgniter/Admin119/application/views/dashboard/report.php</file>
            <file>file:/D:/Tugas_Galau/WebProject/CodeIgniter/Admin119/application/config/config.php</file>
            <file>file:/D:/Tugas_Galau/WebProject/CodeIgniter/Admin119/application/views/dashboard/emergency_page.php</file>
            <file>file:/D:/Tugas_Galau/WebProject/CodeIgniter/Admin119/application/controllers/Webservice.php</file>
            <file>file:/D:/Tugas_Galau/WebProject/CodeIgniter/Admin119/application/controllers/Dashboard.php</file>
            <file>file:/D:/Tugas_Galau/WebProject/CodeIgniter/Admin119/application/models/M_admin.php</file>
            <file>file:/D:/Tugas_Galau/WebProject/CodeIgniter/Admin119/application/config/routes.php</file>
            <file>file:/D:/Tugas_Galau/WebProject/CodeIgniter/Admin119/application/config/database.php</file>
            <file>file:/D:/Tugas_Galau/WebProject/CodeIgniter/Admin119/index.php</file>
            <file>file:/D:/Tugas_Galau/WebProject/CodeIgniter/Admin119/application/controllers/Welcome.php</file>
            <file>file:/D:/Tugas_Galau/WebProject/CodeIgniter/Admin119/application/config/autoload.php</file>
        </group>
    </open-files>
</project-private>
